Venue ID,Venue,Venue Latitude,Venue Longitude,Venue Category
58ca83f5ce593d315f7efa2a,THE GATEHOUSE (ゲートハウス 名古屋),35.17240152361003,136.88293680583902,"[{'id': '4bf58dd8d48988d10c941735', 'name': 'French Restaurant', 'pluralName': 'French Restaurants', 'shortName': 'French', 'icon': {'prefix': 'https://ss3.4sqi.net/img/categories_v2/food/french_', 'suffix': '.png'}, 'primary': True}]"
4d8b45a94757721e05f5c769,La Pêche,35.15783952596791,136.90687407875208,"[{'id': '4bf58dd8d48988d10c941735', 'name': 'French Restaurant', 'pluralName': 'French Restaurants', 'shortName': 'French', 'icon': {'prefix': 'https://ss3.4sqi.net/img/categories_v2/food/french_', 'suffix': '.png'}, 'primary': True}]"
4d2ec79eb97cb1f7fa359248,ビストロ横丁,35.16872568829899,136.8891520251339,"[{'id': '4bf58dd8d48988d10c941735', 'name': 'French Restaurant', 'pluralName': 'French Restaurants', 'shortName': 'French', 'icon': {'prefix': 'https://ss3.4sqi.net/img/categories_v2/food/french_', 'suffix': '.png'}, 'primary': True}]"
4c0b876f7e3fc928b267f582,ガーデンレストラン 徳川園,35.18457866114166,136.9323715737922,"[{'id': '4bf58dd8d48988d10c941735', 'name': 'French Restaurant', 'pluralName': 'French Restaurants', 'shortName': 'French', 'icon': {'prefix': 'https://ss3.4sqi.net/img/categories_v2/food/french_', 'suffix': '.png'}, 'primary': True}]"
4ba98533f964a5202f2c3ae3,Innover (イノーヴェ),35.17512575553364,136.92290614315135,"[{'id': '4bf58dd8d48988d10c941735', 'name': 'French Restaurant', 'pluralName': 'French Restaurants', 'shortName': 'French', 'icon': {'prefix': 'https://ss3.4sqi.net/img/categories_v2/food/french_', 'suffix': '.png'}, 'primary': True}]"
4ec7752c93ad41338ccd0ac5,ビストロ ダイア,35.169817284959635,136.92436304580872,"[{'id': '4bf58dd8d48988d10c941735', 'name': 'French Restaurant', 'pluralName': 'French Restaurants', 'shortName': 'French', 'icon': {'prefix': 'https://ss3.4sqi.net/img/categories_v2/food/french_', 'suffix': '.png'}, 'primary': True}]"
52e783cf498ec421fe53cfb6,WINE & FOOD ワイン渡辺。,35.169358890851484,136.91257497327283,"[{'id': '4bf58dd8d48988d10c941735', 'name': 'French Restaurant', 'pluralName': 'French Restaurants', 'shortName': 'French', 'icon': {'prefix': 'https://ss3.4sqi.net/img/categories_v2/food/french_', 'suffix': '.png'}, 'primary': True}]"
59b1e5d86a8d860b72cf886b,BOUL'ANGE,35.171385,136.882461,"[{'id': '4bf58dd8d48988d16a941735', 'name': 'Bakery', 'pluralName': 'Bakeries', 'shortName': 'Bakery', 'icon': {'prefix': 'https://ss3.4sqi.net/img/categories_v2/food/bakery_', 'suffix': '.png'}, 'primary': True}]"
57e00b74498e42f046425207,La Bobine Galette Cafe (ラ ボビン ガレットカフェ),35.169579317744095,136.88676091451117,"[{'id': '4bf58dd8d48988d10c941735', 'name': 'French Restaurant', 'pluralName': 'French Restaurants', 'shortName': 'French', 'icon': {'prefix': 'https://ss3.4sqi.net/img/categories_v2/food/french_', 'suffix': '.png'}, 'primary': True}]"
4c99e80bb8e9224ba0d8483d,BREIZH Cafe Creperie 名古屋タワーズプラザ店,35.171268728780646,136.88409849709925,"[{'id': '4bf58dd8d48988d10c941735', 'name': 'French Restaurant', 'pluralName': 'French Restaurants', 'shortName': 'French', 'icon': {'prefix': 'https://ss3.4sqi.net/img/categories_v2/food/french_', 'suffix': '.png'}, 'primary': True}]"
4c73a70e6b91b7138fc4fb20,Contemporary Dining Crown & Teppanyaki (クラウン),35.18533654610665,136.89595910847586,"[{'id': '4bf58dd8d48988d10c941735', 'name': 'French Restaurant', 'pluralName': 'French Restaurants', 'shortName': 'French', 'icon': {'prefix': 'https://ss3.4sqi.net/img/categories_v2/food/french_', 'suffix': '.png'}, 'primary': True}]"
4c3320e13896e21e3f76e990,Brasserie Effort (ブラッセリー エフォール),35.17581,136.897726,"[{'id': '4bf58dd8d48988d10c941735', 'name': 'French Restaurant', 'pluralName': 'French Restaurants', 'shortName': 'French', 'icon': {'prefix': 'https://ss3.4sqi.net/img/categories_v2/food/french_', 'suffix': '.png'}, 'primary': True}]"
4dd12ab4d22deadedd92f08b,Absinthe (アブサン),35.17658622122956,136.9087853380361,"[{'id': '4bf58dd8d48988d10c941735', 'name': 'French Restaurant', 'pluralName': 'French Restaurants', 'shortName': 'French', 'icon': {'prefix': 'https://ss3.4sqi.net/img/categories_v2/food/french_', 'suffix': '.png'}, 'primary': True}]"
4f1a3031e4b064e65ab807d6,Neo Bistro Hondo Mondo,35.17580336716867,136.9088990428392,"[{'id': '4bf58dd8d48988d10c941735', 'name': 'French Restaurant', 'pluralName': 'French Restaurants', 'shortName': 'French', 'icon': {'prefix': 'https://ss3.4sqi.net/img/categories_v2/food/french_', 'suffix': '.png'}, 'primary': True}]"
4dafb8176a23d0da7ea63264,Matsuura (四間道レストラン マツウラ),35.174537,136.892549,"[{'id': '4bf58dd8d48988d10c941735', 'name': 'French Restaurant', 'pluralName': 'French Restaurants', 'shortName': 'French', 'icon': {'prefix': 'https://ss3.4sqi.net/img/categories_v2/food/french_', 'suffix': '.png'}, 'primary': True}]"
4fa27fcae4b0b4fd555cff95,日仏食堂 en,35.17524627385702,136.89100315691556,"[{'id': '4bf58dd8d48988d10c941735', 'name': 'French Restaurant', 'pluralName': 'French Restaurants', 'shortName': 'French', 'icon': {'prefix': 'https://ss3.4sqi.net/img/categories_v2/food/french_', 'suffix': '.png'}, 'primary': True}]"
4ce34907ef2db60cd9e7bf5b,西洋食房 飯島屋 名駅店,35.1735735474523,136.8930349544978,"[{'id': '4bf58dd8d48988d10c941735', 'name': 'French Restaurant', 'pluralName': 'French Restaurants', 'shortName': 'French', 'icon': {'prefix': 'https://ss3.4sqi.net/img/categories_v2/food/french_', 'suffix': '.png'}, 'primary': True}]"
4f6d9988e4b068929fa0fe37,Nature Vert (ナチュール ヴェール),35.17505643129976,136.90989870856146,"[{'id': '4bf58dd8d48988d10c941735', 'name': 'French Restaurant', 'pluralName': 'French Restaurants', 'shortName': 'French', 'icon': {'prefix': 'https://ss3.4sqi.net/img/categories_v2/food/french_', 'suffix': '.png'}, 'primary': True}]"
4c91a2821adc3704900232d1,レストラン ツキダテ,35.171477699658354,136.90113365650177,"[{'id': '4bf58dd8d48988d10c941735', 'name': 'French Restaurant', 'pluralName': 'French Restaurants', 'shortName': 'French', 'icon': {'prefix': 'https://ss3.4sqi.net/img/categories_v2/food/french_', 'suffix': '.png'}, 'primary': True}]"
4ceb61efd99f721e05a8c073,タワーレストラン NAGOYA,35.17207187116833,136.9083595275879,"[{'id': '4bf58dd8d48988d10c941735', 'name': 'French Restaurant', 'pluralName': 'French Restaurants', 'shortName': 'French', 'icon': {'prefix': 'https://ss3.4sqi.net/img/categories_v2/food/french_', 'suffix': '.png'}, 'primary': True}]"
4ba1a25cf964a52021c537e3,Brasserie GLOUTON,35.170235147986425,136.89843884458412,"[{'id': '4bf58dd8d48988d10c941735', 'name': 'French Restaurant', 'pluralName': 'French Restaurants', 'shortName': 'French', 'icon': {'prefix': 'https://ss3.4sqi.net/img/categories_v2/food/french_', 'suffix': '.png'}, 'primary': True}]"
4ddf0b3bd22d728b20bf7a40,La Grande Table de KITAMURA (ラ・グランターブル・ドゥ・キタムラ),35.180692665446976,136.9173711075673,"[{'id': '4bf58dd8d48988d10c941735', 'name': 'French Restaurant', 'pluralName': 'French Restaurants', 'shortName': 'French', 'icon': {'prefix': 'https://ss3.4sqi.net/img/categories_v2/food/french_', 'suffix': '.png'}, 'primary': True}]"
4ce891a7fe90a35dceba430e,飯島屋 西洋食房,35.176335,136.914939,"[{'id': '4bf58dd8d48988d10c941735', 'name': 'French Restaurant', 'pluralName': 'French Restaurants', 'shortName': 'French', 'icon': {'prefix': 'https://ss3.4sqi.net/img/categories_v2/food/french_', 'suffix': '.png'}, 'primary': True}]"
4e15845062844b405cb0f2e2,Dining六区,35.174987,136.913647,"[{'id': '4bf58dd8d48988d10c941735', 'name': 'French Restaurant', 'pluralName': 'French Restaurants', 'shortName': 'French', 'icon': {'prefix': 'https://ss3.4sqi.net/img/categories_v2/food/french_', 'suffix': '.png'}, 'primary': True}]"
4bffb855c30a2d7f1350111d,ブラッスリーヴァヴァン,35.1696490729621,136.8972573495124,"[{'id': '4bf58dd8d48988d10c941735', 'name': 'French Restaurant', 'pluralName': 'French Restaurants', 'shortName': 'French', 'icon': {'prefix': 'https://ss3.4sqi.net/img/categories_v2/food/french_', 'suffix': '.png'}, 'primary': True}]"
517b9bbbe4b0be9892a7cfd2,フランス食堂プチデコ,35.17284531847131,136.8875554448091,"[{'id': '4bf58dd8d48988d10c941735', 'name': 'French Restaurant', 'pluralName': 'French Restaurants', 'shortName': 'French', 'icon': {'prefix': 'https://ss3.4sqi.net/img/categories_v2/food/french_', 'suffix': '.png'}, 'primary': True}]"
4b998e72f964a520518335e3,Bistro L'escalier (ビストロ エスカリエ),35.17388505406194,136.8854695558548,"[{'id': '4bf58dd8d48988d10c941735', 'name': 'French Restaurant', 'pluralName': 'French Restaurants', 'shortName': 'French', 'icon': {'prefix': 'https://ss3.4sqi.net/img/categories_v2/food/french_', 'suffix': '.png'}, 'primary': True}]"
4e0fd959b0fb59de67e49e55,レストラン キルン,35.178463422658766,136.88117211509882,"[{'id': '4bf58dd8d48988d10c941735', 'name': 'French Restaurant', 'pluralName': 'French Restaurants', 'shortName': 'French', 'icon': {'prefix': 'https://ss3.4sqi.net/img/categories_v2/food/french_', 'suffix': '.png'}, 'primary': True}]"
5274d4d2498edfe31fad7c01,Monsieur ITOH,35.17176687521424,136.88705943840182,"[{'id': '4bf58dd8d48988d10c941735', 'name': 'French Restaurant', 'pluralName': 'French Restaurants', 'shortName': 'French', 'icon': {'prefix': 'https://ss3.4sqi.net/img/categories_v2/food/french_', 'suffix': '.png'}, 'primary': True}]"
4f2513dde4b047657a60d6ca,Le Sud (ル シュッド),35.16816146558298,136.8953618138561,"[{'id': '4bf58dd8d48988d10c941735', 'name': 'French Restaurant', 'pluralName': 'French Restaurants', 'shortName': 'French', 'icon': {'prefix': 'https://ss3.4sqi.net/img/categories_v2/food/french_', 'suffix': '.png'}, 'primary': True}]"
4ebb71120cd674ac7726e5e3,ローズルーム名古屋,35.166923702262196,136.90080106258392,"[{'id': '4bf58dd8d48988d10c941735', 'name': 'French Restaurant', 'pluralName': 'French Restaurants', 'shortName': 'French', 'icon': {'prefix': 'https://ss3.4sqi.net/img/categories_v2/food/french_', 'suffix': '.png'}, 'primary': True}]"
4d2a97c877a2a1cd671776b7,サラマンジェ ドゥ カジノ,35.168314704755986,136.89089244600837,"[{'id': '4bf58dd8d48988d10c941735', 'name': 'French Restaurant', 'pluralName': 'French Restaurants', 'shortName': 'French', 'icon': {'prefix': 'https://ss3.4sqi.net/img/categories_v2/food/french_', 'suffix': '.png'}, 'primary': True}]"
550f7988498ed3ea20894e1d,LA MERE POULARD 名古屋ラシック店,35.16758437143935,136.908093639321,"[{'id': '4bf58dd8d48988d10c941735', 'name': 'French Restaurant', 'pluralName': 'French Restaurants', 'shortName': 'French', 'icon': {'prefix': 'https://ss3.4sqi.net/img/categories_v2/food/french_', 'suffix': '.png'}, 'primary': True}]"
4f02ef9a8231bcb706b87995,オーベルジュ・ド・リル ナゴヤ,35.170330741730126,136.88545133942696,"[{'id': '4bf58dd8d48988d10c941735', 'name': 'French Restaurant', 'pluralName': 'French Restaurants', 'shortName': 'French', 'icon': {'prefix': 'https://ss3.4sqi.net/img/categories_v2/food/french_', 'suffix': '.png'}, 'primary': True}]"
51133fb6e4b0c5cbb2b41dea,La Floraison de TAKEUCHI,35.16624610199714,136.90129559682782,"[{'id': '4bf58dd8d48988d10c941735', 'name': 'French Restaurant', 'pluralName': 'French Restaurants', 'shortName': 'French', 'icon': {'prefix': 'https://ss3.4sqi.net/img/categories_v2/food/french_', 'suffix': '.png'}, 'primary': True}]"
4d0c4634e0b98cfa4b4cd493,KIHACHI,35.17113229030789,136.88380766655817,"[{'id': '4bf58dd8d48988d10c941735', 'name': 'French Restaurant', 'pluralName': 'French Restaurants', 'shortName': 'French', 'icon': {'prefix': 'https://ss3.4sqi.net/img/categories_v2/food/french_', 'suffix': '.png'}, 'primary': True}]"
5995650ae55d8b466c4d1955,La Soeur ラスール オーバカナル,35.169767,136.885181,"[{'id': '4bf58dd8d48988d10c941735', 'name': 'French Restaurant', 'pluralName': 'French Restaurants', 'shortName': 'French', 'icon': {'prefix': 'https://ss3.4sqi.net/img/categories_v2/food/french_', 'suffix': '.png'}, 'primary': True}]"
4d3be27a8edf3704f5ddaaa5,ワインラウンジ＆レストラン セパージュ (ワインラウンジ&レストラン セパージュ),35.171157895144496,136.88260029675666,"[{'id': '4bf58dd8d48988d10c941735', 'name': 'French Restaurant', 'pluralName': 'French Restaurants', 'shortName': 'French', 'icon': {'prefix': 'https://ss3.4sqi.net/img/categories_v2/food/french_', 'suffix': '.png'}, 'primary': True}]"
4ba190f5f964a520f7c037e3,Mikuni Nagoya (ミクニナゴヤ),35.17051956154587,136.88305020332336,"[{'id': '4bf58dd8d48988d10c941735', 'name': 'French Restaurant', 'pluralName': 'French Restaurants', 'shortName': 'French', 'icon': {'prefix': 'https://ss3.4sqi.net/img/categories_v2/food/french_', 'suffix': '.png'}, 'primary': True}]"
52fd751e498e55fc7bc3cb05,Loire French & Grill (ロワール フレンチ & 鉄板焼),35.168651,136.913868,"[{'id': '4bf58dd8d48988d10c941735', 'name': 'French Restaurant', 'pluralName': 'French Restaurants', 'shortName': 'French', 'icon': {'prefix': 'https://ss3.4sqi.net/img/categories_v2/food/french_', 'suffix': '.png'}, 'primary': True}]"
50233e9ce4b0c21ad550d92b,グランファミーユ・シェ松尾 名古屋松坂屋店,35.165213186507394,136.90910276458357,"[{'id': '4bf58dd8d48988d10c941735', 'name': 'French Restaurant', 'pluralName': 'French Restaurants', 'shortName': 'French', 'icon': {'prefix': 'https://ss3.4sqi.net/img/categories_v2/food/french_', 'suffix': '.png'}, 'primary': True}]"
4d26f382849f37045ec46341,壺中天,35.1713,136.919876,"[{'id': '4bf58dd8d48988d10c941735', 'name': 'French Restaurant', 'pluralName': 'French Restaurants', 'shortName': 'French', 'icon': {'prefix': 'https://ss3.4sqi.net/img/categories_v2/food/french_', 'suffix': '.png'}, 'primary': True}]"
55ebb8e8498e43ed31117e7b,Bebenosouzai (ベベのおそうざい 東区本店),35.17812573223576,136.91433822092574,"[{'id': '4bf58dd8d48988d10c941735', 'name': 'French Restaurant', 'pluralName': 'French Restaurants', 'shortName': 'French', 'icon': {'prefix': 'https://ss3.4sqi.net/img/categories_v2/food/french_', 'suffix': '.png'}, 'primary': True}]"
4dfb1e2652b145696e35a491,べべのおそうざい 本店,35.17745771256949,136.91424345672334,"[{'id': '4bf58dd8d48988d10c941735', 'name': 'French Restaurant', 'pluralName': 'French Restaurants', 'shortName': 'French', 'icon': {'prefix': 'https://ss3.4sqi.net/img/categories_v2/food/french_', 'suffix': '.png'}, 'primary': True}]"
4da913e88154abafc28bb5a6,Bistrot Mirabelle (ビストロミラベル),35.177228,136.926381,"[{'id': '4bf58dd8d48988d10c941735', 'name': 'French Restaurant', 'pluralName': 'French Restaurants', 'shortName': 'French', 'icon': {'prefix': 'https://ss3.4sqi.net/img/categories_v2/food/french_', 'suffix': '.png'}, 'primary': True}]"
5135d5d7e4b00aed2cf1a762,エルダンジュNAGOYA,35.16390788449336,136.88707128772376,"[{'id': '4bf58dd8d48988d10c941735', 'name': 'French Restaurant', 'pluralName': 'French Restaurants', 'shortName': 'French', 'icon': {'prefix': 'https://ss3.4sqi.net/img/categories_v2/food/french_', 'suffix': '.png'}, 'primary': True}]"
4b5ec97ef964a520b29829e3,carnaval (カルナバル),35.162806986905835,136.9108083741486,"[{'id': '4bf58dd8d48988d10c941735', 'name': 'French Restaurant', 'pluralName': 'French Restaurants', 'shortName': 'French', 'icon': {'prefix': 'https://ss3.4sqi.net/img/categories_v2/food/french_', 'suffix': '.png'}, 'primary': True}]"
4e57105162e12dc097f2bbaf,フランス食堂 Chez ToTo,35.167311,136.919959,"[{'id': '4bf58dd8d48988d10c941735', 'name': 'French Restaurant', 'pluralName': 'French Restaurants', 'shortName': 'French', 'icon': {'prefix': 'https://ss3.4sqi.net/img/categories_v2/food/french_', 'suffix': '.png'}, 'primary': True}]"
4c959f7458d4b60cbf743429,BISTRO Ches Bun (ビストロ シェブン),35.160859,136.899091,"[{'id': '4bf58dd8d48988d10c941735', 'name': 'French Restaurant', 'pluralName': 'French Restaurants', 'shortName': 'French', 'icon': {'prefix': 'https://ss3.4sqi.net/img/categories_v2/food/french_', 'suffix': '.png'}, 'primary': True}]"
4e479c4552b1bac0d9866d5e,La Cabotte,35.167515714420084,136.92047238349915,"[{'id': '4bf58dd8d48988d10c941735', 'name': 'French Restaurant', 'pluralName': 'French Restaurants', 'shortName': 'French', 'icon': {'prefix': 'https://ss3.4sqi.net/img/categories_v2/food/french_', 'suffix': '.png'}, 'primary': True}]"
516145e7e4b0e58eef1d244b,CNF Malconsorts (セーエヌエフ マルコンソール),35.168099,136.921491,"[{'id': '4bf58dd8d48988d10c941735', 'name': 'French Restaurant', 'pluralName': 'French Restaurants', 'shortName': 'French', 'icon': {'prefix': 'https://ss3.4sqi.net/img/categories_v2/food/french_', 'suffix': '.png'}, 'primary': True}]"
4cde5db1db125481e45030ce,ばかなる,35.169927238345025,136.87600164083804,"[{'id': '4bf58dd8d48988d10c941735', 'name': 'French Restaurant', 'pluralName': 'French Restaurants', 'shortName': 'French', 'icon': {'prefix': 'https://ss3.4sqi.net/img/categories_v2/food/french_', 'suffix': '.png'}, 'primary': True}]"
4d89eb586daeb60c97ae58e0,Bistro Bacchhus,35.168251,136.92213100000004,"[{'id': '4bf58dd8d48988d10c941735', 'name': 'French Restaurant', 'pluralName': 'French Restaurants', 'shortName': 'French', 'icon': {'prefix': 'https://ss3.4sqi.net/img/categories_v2/food/french_', 'suffix': '.png'}, 'primary': True}]"
4dec4f3bc65be8091dd686d5,Vita Felice,35.17590521000591,136.88228961312606,"[{'id': '4bf58dd8d48988d10c941735', 'name': 'French Restaurant', 'pluralName': 'French Restaurants', 'shortName': 'French', 'icon': {'prefix': 'https://ss3.4sqi.net/img/categories_v2/food/french_', 'suffix': '.png'}, 'primary': True}]"
5072a322e4b0e0df93ab36b0,ル シエル,35.185402,136.930587,"[{'id': '4bf58dd8d48988d10c941735', 'name': 'French Restaurant', 'pluralName': 'French Restaurants', 'shortName': 'French', 'icon': {'prefix': 'https://ss3.4sqi.net/img/categories_v2/food/french_', 'suffix': '.png'}, 'primary': True}]"
508f6950e4b019e9fa91fb41,Le Ciel,35.185344,136.93062,"[{'id': '4bf58dd8d48988d10c941735', 'name': 'French Restaurant', 'pluralName': 'French Restaurants', 'shortName': 'French', 'icon': {'prefix': 'https://ss3.4sqi.net/img/categories_v2/food/french_', 'suffix': '.png'}, 'primary': True}]"
4ffe4e49e4b0f1ba286f6ec9,ボワットブランシュ,35.192804,136.93029,"[{'id': '4bf58dd8d48988d10c941735', 'name': 'French Restaurant', 'pluralName': 'French Restaurants', 'shortName': 'French', 'icon': {'prefix': 'https://ss3.4sqi.net/img/categories_v2/food/french_', 'suffix': '.png'}, 'primary': True}]"
4cd7da7ba99d370493ec01ce,Bistro de Mitsu,35.17118334511762,136.92686287076492,"[{'id': '4bf58dd8d48988d10c941735', 'name': 'French Restaurant', 'pluralName': 'French Restaurants', 'shortName': 'French', 'icon': {'prefix': 'https://ss3.4sqi.net/img/categories_v2/food/french_', 'suffix': '.png'}, 'primary': True}]"
56da6cbdcd107bf5ed10d40c,RHUBARBE (ルバーブ),35.17171817997421,136.88389487598909,"[{'id': '4bf58dd8d48988d10c941735', 'name': 'French Restaurant', 'pluralName': 'French Restaurants', 'shortName': 'French', 'icon': {'prefix': 'https://ss3.4sqi.net/img/categories_v2/food/french_', 'suffix': '.png'}, 'primary': True}]"
545ca528498ea365f1684c3a,ワイン渡辺。大須店,35.15840455521409,136.90353452148133,"[{'id': '4bf58dd8d48988d10c941735', 'name': 'French Restaurant', 'pluralName': 'French Restaurants', 'shortName': 'French', 'icon': {'prefix': 'https://ss3.4sqi.net/img/categories_v2/food/french_', 'suffix': '.png'}, 'primary': True}]"
4cb96f39bac937044460e47c,Cueva.,35.16923408989346,136.9185318093589,"[{'id': '4bf58dd8d48988d10c941735', 'name': 'French Restaurant', 'pluralName': 'French Restaurants', 'shortName': 'French', 'icon': {'prefix': 'https://ss3.4sqi.net/img/categories_v2/food/french_', 'suffix': '.png'}, 'primary': True}]"
4e6b50c052b1c12060300249,LA VAGABONDE,35.15709783386623,136.91466515878562,"[{'id': '4bf58dd8d48988d10c941735', 'name': 'French Restaurant', 'pluralName': 'French Restaurants', 'shortName': 'French', 'icon': {'prefix': 'https://ss3.4sqi.net/img/categories_v2/food/french_', 'suffix': '.png'}, 'primary': True}]"
4c1c40bdeac020a1035946c2,Sucre (僕らのフレンチ シュクレ),35.168946838772,136.9364721703,"[{'id': '4bf58dd8d48988d10c941735', 'name': 'French Restaurant', 'pluralName': 'French Restaurants', 'shortName': 'French', 'icon': {'prefix': 'https://ss3.4sqi.net/img/categories_v2/food/french_', 'suffix': '.png'}, 'primary': True}]"
4ebe3335b6341cd41dff18fc,トゥ ラ ジョア (Tout la Joie) (トゥ ラ ジョア),35.15091947840062,136.8959857056717,"[{'id': '4bf58dd8d48988d10c941735', 'name': 'French Restaurant', 'pluralName': 'French Restaurants', 'shortName': 'French', 'icon': {'prefix': 'https://ss3.4sqi.net/img/categories_v2/food/french_', 'suffix': '.png'}, 'primary': True}]"
52804dc011d2e76e87070917,Reconnaissance,35.150283375187946,136.90394838279832,"[{'id': '4bf58dd8d48988d10c941735', 'name': 'French Restaurant', 'pluralName': 'French Restaurants', 'shortName': 'French', 'icon': {'prefix': 'https://ss3.4sqi.net/img/categories_v2/food/french_', 'suffix': '.png'}, 'primary': True}]"
4b5fbe0ef964a520e6ca29e3,Bistro Le Bol,35.159278480416276,136.9126177097493,"[{'id': '4bf58dd8d48988d10c941735', 'name': 'French Restaurant', 'pluralName': 'French Restaurants', 'shortName': 'French', 'icon': {'prefix': 'https://ss3.4sqi.net/img/categories_v2/food/french_', 'suffix': '.png'}, 'primary': True}]"
4c8b600a1797236abf5a6a88,antica osteria BACIO,35.17428299821758,136.93168904805486,"[{'id': '4bf58dd8d48988d10c941735', 'name': 'French Restaurant', 'pluralName': 'French Restaurants', 'shortName': 'French', 'icon': {'prefix': 'https://ss3.4sqi.net/img/categories_v2/food/french_', 'suffix': '.png'}, 'primary': True}]"
4f632d70e4b08383b058e0f1,LE MARTIN PECHEUR (ル・マルタン・ペシュール),35.15971027583858,136.93681656001658,"[{'id': '4bf58dd8d48988d10c941735', 'name': 'French Restaurant', 'pluralName': 'French Restaurants', 'shortName': 'French', 'icon': {'prefix': 'https://ss3.4sqi.net/img/categories_v2/food/french_', 'suffix': '.png'}, 'primary': True}]"
4dcfa10eae603b786d4d4d1b,e oriental banquet,35.14432695874869,136.9036309885804,"[{'id': '4bf58dd8d48988d10c941735', 'name': 'French Restaurant', 'pluralName': 'French Restaurants', 'shortName': 'French', 'icon': {'prefix': 'https://ss3.4sqi.net/img/categories_v2/food/french_', 'suffix': '.png'}, 'primary': True}]"
5364ce69498edccc0057de30,肉ビストロ 2986 金山店,35.14305816650339,136.902882514577,"[{'id': '4bf58dd8d48988d10c941735', 'name': 'French Restaurant', 'pluralName': 'French Restaurants', 'shortName': 'French', 'icon': {'prefix': 'https://ss3.4sqi.net/img/categories_v2/food/french_', 'suffix': '.png'}, 'primary': True}]"
4e8833a0775bfd5d3c28a3e7,Bistro Petit Saison (ビストロ プティ・セゾン),35.1506921200501,136.93329334259033,"[{'id': '4bf58dd8d48988d10c941735', 'name': 'French Restaurant', 'pluralName': 'French Restaurants', 'shortName': 'French', 'icon': {'prefix': 'https://ss3.4sqi.net/img/categories_v2/food/french_', 'suffix': '.png'}, 'primary': True}]"
4ea6b10629c2c61b45120213,フランス食堂キリギリス,35.165801407150845,136.95049896246763,"[{'id': '4bf58dd8d48988d10c941735', 'name': 'French Restaurant', 'pluralName': 'French Restaurants', 'shortName': 'French', 'icon': {'prefix': 'https://ss3.4sqi.net/img/categories_v2/food/french_', 'suffix': '.png'}, 'primary': True}]"
4baec4dff964a5207bd63be3,Bistro La Plume (ビストロ ラプリュム),35.167015,136.951786,"[{'id': '4bf58dd8d48988d10c941735', 'name': 'French Restaurant', 'pluralName': 'French Restaurants', 'shortName': 'French', 'icon': {'prefix': 'https://ss3.4sqi.net/img/categories_v2/food/french_', 'suffix': '.png'}, 'primary': True}]"
4dd115f6d4c065592fbd2dda,Le Bistrot Rhubarbe (ル•ビストロ•ルバーブ),35.17232,136.955163,"[{'id': '4bf58dd8d48988d10c941735', 'name': 'French Restaurant', 'pluralName': 'French Restaurants', 'shortName': 'French', 'icon': {'prefix': 'https://ss3.4sqi.net/img/categories_v2/food/french_', 'suffix': '.png'}, 'primary': True}]"
4df0d809d22d4336871937eb,OLIVE,35.145914339595684,136.90377784237404,"[{'id': '4bf58dd8d48988d10c941735', 'name': 'French Restaurant', 'pluralName': 'French Restaurants', 'shortName': 'French', 'icon': {'prefix': 'https://ss3.4sqi.net/img/categories_v2/food/french_', 'suffix': '.png'}, 'primary': True}]"
4e85ce8149019ae6611199a5,Speak-easy,35.14371039181701,136.90266460650508,"[{'id': '4bf58dd8d48988d10c941735', 'name': 'French Restaurant', 'pluralName': 'French Restaurants', 'shortName': 'French', 'icon': {'prefix': 'https://ss3.4sqi.net/img/categories_v2/food/french_', 'suffix': '.png'}, 'primary': True}]"
4ef0605729c22c6c7698b7a1,ラドゥール,35.163752176171094,136.95451051198182,"[{'id': '4bf58dd8d48988d10c941735', 'name': 'French Restaurant', 'pluralName': 'French Restaurants', 'shortName': 'French', 'icon': {'prefix': 'https://ss3.4sqi.net/img/categories_v2/food/french_', 'suffix': '.png'}, 'primary': True}]"
4e53a7f8d22d7b9b656f5afa,STAR GATE,35.1425876727192,136.89951693685757,"[{'id': '4bf58dd8d48988d10c941735', 'name': 'French Restaurant', 'pluralName': 'French Restaurants', 'shortName': 'French', 'icon': {'prefix': 'https://ss3.4sqi.net/img/categories_v2/food/french_', 'suffix': '.png'}, 'primary': True}]"
4faf3155e4b05b8b562e7c7b,ビストロ・ドゥ・リヨン,35.14533262887755,136.93818653029487,"[{'id': '4bf58dd8d48988d10c941735', 'name': 'French Restaurant', 'pluralName': 'French Restaurants', 'shortName': 'French', 'icon': {'prefix': 'https://ss3.4sqi.net/img/categories_v2/food/french_', 'suffix': '.png'}, 'primary': True}]"
4e5b753a8877c8a76dfee459,サンデイオフ,35.141801798496154,136.93322826667136,"[{'id': '4bf58dd8d48988d10c941735', 'name': 'French Restaurant', 'pluralName': 'French Restaurants', 'shortName': 'French', 'icon': {'prefix': 'https://ss3.4sqi.net/img/categories_v2/food/french_', 'suffix': '.png'}, 'primary': True}]"
4ed17659d3e3521ce6fc329c,Bistrot Labourer (ビストロ ラブレ),35.12594005225324,136.9156257656794,"[{'id': '4bf58dd8d48988d10c941735', 'name': 'French Restaurant', 'pluralName': 'French Restaurants', 'shortName': 'French', 'icon': {'prefix': 'https://ss3.4sqi.net/img/categories_v2/food/french_', 'suffix': '.png'}, 'primary': True}]"
4cbbb0c5dd41a35d26caefa0,Bistro Lapin (ビストロ ラパン),35.1320638139385,136.93570259763882,"[{'id': '4bf58dd8d48988d10c941735', 'name': 'French Restaurant', 'pluralName': 'French Restaurants', 'shortName': 'French', 'icon': {'prefix': 'https://ss3.4sqi.net/img/categories_v2/food/french_', 'suffix': '.png'}, 'primary': True}]"
4ee49288a69d89905c2be229,Rhubarbe,35.14500744994404,136.95749759674072,"[{'id': '4bf58dd8d48988d10c941735', 'name': 'French Restaurant', 'pluralName': 'French Restaurants', 'shortName': 'French', 'icon': {'prefix': 'https://ss3.4sqi.net/img/categories_v2/food/french_', 'suffix': '.png'}, 'primary': True}]"
4f686012003938727b376025,La maison HITOTOKI,35.138036025905436,136.95280817267516,"[{'id': '4bf58dd8d48988d10c941735', 'name': 'French Restaurant', 'pluralName': 'French Restaurants', 'shortName': 'French', 'icon': {'prefix': 'https://ss3.4sqi.net/img/categories_v2/food/french_', 'suffix': '.png'}, 'primary': True}]"
4fcadd14e4b07471e05bd5dc,BISTRO L'Assiette,35.16044251162178,136.97310718999242,"[{'id': '4bf58dd8d48988d10c941735', 'name': 'French Restaurant', 'pluralName': 'French Restaurants', 'shortName': 'French', 'icon': {'prefix': 'https://ss3.4sqi.net/img/categories_v2/food/french_', 'suffix': '.png'}, 'primary': True}]"
5430b64e498e2d43b41c8b15,Restaurant Chez KOBE (レストラン シェ・コーベ),35.136808849982,136.95924584207,"[{'id': '4bf58dd8d48988d10c941735', 'name': 'French Restaurant', 'pluralName': 'French Restaurants', 'shortName': 'French', 'icon': {'prefix': 'https://ss3.4sqi.net/img/categories_v2/food/french_', 'suffix': '.png'}, 'primary': True}]"
4bc9701dfb84c9b6e1241b3e,CAFE DANMARK JR名古屋駅店,35.16960552009006,136.88347650194402,"[{'id': '4bf58dd8d48988d16a941735', 'name': 'Bakery', 'pluralName': 'Bakeries', 'shortName': 'Bakery', 'icon': {'prefix': 'https://ss3.4sqi.net/img/categories_v2/food/bakery_', 'suffix': '.png'}, 'primary': True}]"
